<?xml version="1.0" encoding="UTF-8"?>
<!DOCTYPE suite SYSTEM "http://testng.org/testng-1.0.dtd" >
<!-- @author Roma Jacob Remedy Dec01RJR -->
<suite name="Suite" thread-count="1" parallel="tests" verbose="1"
	configfailurepolicy="continue">
	<test name="Grocey Native Test Suite">
		<groups>
			<run>
			<!-- Apr15RJR doesn't work <include name="tC_SNAP_04_01_VerifyAddEBTfood_itemsToCartUsingSearch" /> -->
				<exclude name="E2E"   />
<!-- 				 <include name="Snap"   />  -->
				 <include name = "tC_OGA_04_01_01_VerifyAddItemsInTheCart" />
				 <include name = "tC_OGA_04_01_02_VerifyThatTotalPriceIncreasedForPriceOfAddedItem" />
				 <include name = "tC_OGA_04_01_04_VerifyRemoveItemsFromCartUsingRemove" />
			
				<!-- <include name="Stage"   /> -->
				<!-- <include name="Prod"   /> -->
				<!-- <include name="Suite_OGA_02_ReserveATimeScreenFunctionalityTesting"   /> -->
				<!-- <include name="Suite_OGA_03_AdditionalPickupFunctionalityTesting"   /> -->
				<!-- <include name="Suite_OGA_04_CoreFunctionalityTesting"   /> -->
				<!-- <include name="Suite_OGA_07_NavigationFunctionalityTesting"   /> -->				
				<!-- <include name="Suite_OGA_08_ItemsDetailsFunctionalityTesting"   /> -->
				<!-- <include name="Suite_OGA_10_SortAndFiltersFunctionalityTesting"   /> -->
				<!-- <include name="Suite_OGA_11_FavoritesListFunctionalityTesting"   /> -->
				<!-- <include name="Suite_OGA_12_PaymentMethodsFunctionalityTesting"   /> -->
				<!-- <include name=   />   -->
				<!-- <include name="Demo"   /> -->
				<!-- <include name="Sequential"   />   -->
				<!-- <exclude name="BAT"> / -->
				
				
				
<!--				<include name="tC_OGA_01_01_SignInAsAnExistingUser" />  -->
<!--				<exclude name="tC_OGA_01_07_01_01_ErrorMessagePleaseEnterYourFirstNameDuringCreateAccount" />  works --> 
<!--				<exclude name="tC_OGA_01_07_01_02_ErrorMessagePleaseEnterYourLastNameDuringCreateAccount" />  works -->
<!--				<exclude name="tC_OGA_01_07_01_03_ErrorMessagePleaseEnterYourEmailAddressDuringCreateAccount" />  works -->
<!--				<exclude name="tC_OGA_01_07_01_04_ErrorMessagePleaseEnterAPasswordDuringCreateAccount" />  works -->
<!--				<exclude name="tC_OGA_01_07_02_01_ErrorMessagePleaseEnterYourEmailAddressDuringSignIn" />  works -->
<!--				<exclude name="tC_OGA_01_07_02_02_ErrorMessagePleaseEnterAPasswordDuringSignIn" />  works -->
<!--				<include name="tC_OGA_02_01_01_StorePicker" />                          works -->
<!--				<include name="tC_OGA_02_01_02_VerifyAscendingOrder" />     -->
<!--				<exclude name="tC_OGA_02_03_VerifyAboutPickupMessageWorks" />            works -->
<!--				<exclude name="tC_OGA_02_08_01_VerifyAllTheOfTmesForPickupAreDisplayedCorrectly" />    works -->
<!--				<exclude name="tC_OGA_03_01_01_UserShouldBeAbleToSeeAvailableTimeForPickup" />   works -->
<!--				<exclude name="tC_OGA_03_01_02_VerifyAscendingOrderFromTopToBottomOfDisplayedPickupTimes" />   works, but not properly [8AM-9AM, 8AM-9AM, 8AM-9AM] -->
<!--				<exclude name="tC_OGA_03_01_03_UserShouldSeeInformationAboutFREEPickup" />   works -->
<!--				<exclude name="tC_OGA_04_02_01_UserShouldBeAbleToAddItemsToTheCartUsingSearch" />  Assert doesn't work with BigDesimal -->
<!--				<exclude name="tC_OGA_04_02_02_UserShouldBeAbleToAddItemsToTheCartViaDepartments" /> works -->
<!--				<exclude name="tC_OGA_04_02_03_UserShouldBeAbleToAddItemsToTheCartViaFeaturedItems" />   Should work, but Featured Items didn't download -->
<!--				<exclude name="tC_OGA_04_02_04_UserShouldBeAbleToAddItemsToTheCartViaFavoritesList" />  worked. 1/16 - doesn't work, didn't click "Skip"??? -->
<!--				<exclude name="tC_OGA_04_03_01_UserShouldBeAbleToEditItemsInTheCart" />  works -->
<!--				<exclude name="tC_OGA_04_03_02_CheckoutButtonIsNotEnabled" />  works -->
<!--				<exclude name="tC_OGA_04_03_03_CheckoutButtonIsEnabled" />  works -->
<!--				<include name="TC_OGA_08_01_01_UserShouldBeAbleToSeeAllPricesUsingSearch" />  works -->
<!--				<exclude name="TC_OGA_08_01_02_UserShouldBeAbleToSeeAllDetailesUsingSearch" />   works -->
<!--				<exclude name="TC_OGA_08_01_03_UserShouldBeAbleToSeeNutritionFactsUsingSearch" />   works -->
<!--				<exclude name="TC_OGA_08_01_04_UserShouldBeAbleToSeeIngredientsUsingSearch" />  works -->
<!--				<exclude name="TC_OGA_08_01_05_UserShouldBeAbleToSeeRelatedUsingSearch" />   works -->
<!--				<exclude name="TC_OGA_08_01_06_UserShouldBeAbleToSeeDisclaimerUsingSearch" />   works -->
<!--				<exclude name="TC_OGA_08_01_07_UserShouldBeAbleToSeeAllPricesViaFeaturedItems" />   doesn't work, because of Featured Items didn't download -->
<!--				<exclude name="TC_OGA_08_01_13_UserShouldBeAbleToSeeAllPricesViaFavoritesList" />  works -->
<!--				<exclude name="TC_OGA_08_01_14_UserShouldBeAbleToSeeAllDetailsViaFavoritesList" />   works -->
<!--				<exclude name="TC_OGA_08_01_15_UserShouldBeAbleToSeeNutritionFactsViaFavoritesList" />   works -->
<!--				<exclude name="TC_OGA_08_01_16_UserShouldBeAbleToSeeIngredientsViaFavoritesList" />   works -->
<!--				<exclude name="TC_OGA_08_01_17_UserShouldBeAbleToSeeRelatedItemsViaFavoritesList" />  works -->
<!--				<exclude name="TC_OGA_08_01_18_UserShouldBeAbleToSeeDisclaimerViaFavoritesList" />   works -->
<!--				<exclude name="tC_OGA_04_06_01_UserShouldBeAbleToAddItemsToFavoritesListFromHomePage" />   doesn't work, because of Featured Items didn't download -->
<!--				<exclude name="tC_OGA_04_06_02_UserShouldBeAbleToAddItemsToFavoritesListUsingSearch" />   works -->
<!--				<exclude name="tC_OGA_04_06_03_UserShouldBeAbleToAddItemsToFavoritesListViaDepartments" />  works -->
<!--				<exclude name="tC_OGA_04_06_04_UserShouldBeAbleToAddItemsToFavoritesListUsingItemImage" />   works -->
<!--				<exclude name="tC_OGA_04_07_01_UserShouldBeAbleToDeleteItemsFromFavoritesListWhichAddedFromHomePage" />   doesn't work, because of Featured Items didn't download -->
<!--				<exclude name="tC_OGA_04_07_02_UserShouldBeAbleToDeleteItemsFromFavoritesListWhichAddedUsingSearch" />   works -->
<!--				<exclude name="tC_OGA_04_07_03_UserShouldBeAbleToDeleteItemsFromFavoritesListWhichAddedViaDepartments" />   works -->
<!--				<exclude name="tC_OGA_04_07_04_UserShouldBeAbleToDeleteItemsFromFavoritesListWhichAddedUsingItemImage" />   works -->
<!--				<exclude name="tC_OGA_04_08_01_VerifyDefaultValuesForSortFiltersForFavoritesList" />   works -->
<!--				<exclude name="tC_OGA_04_08_02_UserIsAbleToChangeDefaultValuesForSortByOnMostFrequentPurchase" />   works -->
<!--				<exclude name="tC_OGA_04_08_03_UserIsAbleToChangeDefaultValuesForSortByOnMostRecentPurchase" />   works -->
<!--				<exclude name="tC_OGA_04_08_04_UserIsAbleToChangeDefaultValuesForDepartments" />   did not finish yet -->
<!--				<exclude name="tC_OGA_04_01_04_UserShouldBeAbleToRemoveItemsFromCartUsingRemove" />   works -->
<!--				<exclude name="tC_OGA_04_01_01_UserShouldSeeThatItemAddedInToTheCart" />   works -->
<!--				<exclude name="tC_OGA_04_01_02_TotalPriceShouldIncreaseForPriceOfAddedItem" />  works without Assert -->			
<!--				<exclude name="tC_OGA_05_01_02_ShouldOpenedScreenReviewOrder" />   works -->	
<!--				<include name="tC_OGA_07_01_01_UserShouldBeAbleToOpenNavigationDrawer" />  works -->
<!--				<include name="tC_OGA_07_02_01_UserShouldBeAbleToOpenHomeScreenFromNavigationDrawer" />   works -->
<!--				<include name="tC_OGA_07_02_02_UserShouldBeAbleToReturnToNavigationDrawerFromHome" />  works -->
<!--				<include name="tC_OGA_07_02_03_UserShouldBeAbleToOpenFavoritesScreenFromNavigationDrawer" />  works -->
<!--				<include name="tC_OGA_07_02_04_UserShouldBeAbleToReturnToNavigationDrawerFromFavorites" />  works -->
<!--				<include name="tC_OGA_07_02_05_UserShouldBeAbleToOpenDepartmentsScreenFromNavigationDrawer" />   works -->
<!--				<include name="tC_OGA_07_02_06_UserShouldBeAbleToReturnToNavigationDrawerFromDepartments" />  works -->
<!--				<include name="tC_OGA_07_02_07_UserShouldBeAbleToOpenReserveATimeScreenFromNavigationDrawer" />   works -->
<!--				<include name="tC_OGA_07_02_08_UserShouldBeAbleToOpenMyOrdersScreenFromNavigationDrawer" />   works -->
<!--				<include name="tC_OGA_07_02_09_UserShouldBeAbleToOpenContactUsScreenFromNavigationDrawer" />   works -->
<!--				<include name="tC_OGA_07_02_10_UserShouldBeAbleToOpenInviteFriendsScreenFromNavigationDrawer" />   works -->
<!--				<include name="tC_OGA_07_02_11_UserShouldBeAbleToOpenSubmitFeedbackScreenFromNavigationDrawer" />  works -->
<!--				<include name="tC_OGA_07_02_12_UserShouldBeAbleToOpenAboutScreenFromNavigationDrawer" />   works -->
<!--				<include name="tC_OGA_07_02_13_UserShouldBeAbleToOpenGooglePlayStoreWithWalmartAppFromNavigationDrawer" />  works -->
<!--				<exclude name="tC_OGA_07_03_01_UserShouldBeAbleToCallToWalmart" />    doesn't work -->
<!--				<exclude name="tC_OGA_07_03_02_UserShouldBeAbleToSendEmailToWalmart" />  doesn't work -->
<!--				<exclude name="tC_OGA_07_04_01_UserShouldBeAbleToShareToFacebook" />   works -->
<!--				<exclude name="tC_OGA_07_04_02_UserShouldBeAbleToShareToWhatsApp" />  works -->
<!--				<exclude name="tC_OGA_07_05_04_UserShouldBeAbleToWriteMessage" />   works -->
<!--				<exclude name="tC_OGA_07_05_05_UserShouldBeAbleToSendMessage" />   works -->
<!--				<exclude name="tC_OGA_07_05_06_UserShouldBeAbleToSendScreenshots" />  works -->
<!--				<exclude name="tC_OGA_07_05_07_UserShouldBeAbleToAttachScreenshots" />  works -->
<!--				<exclude name="tC_OGA_07_05_08_UserShouldBeAbleToRemoveScreenshots" />   works -->
<!--				<exclude name="tC_OGA_07_05_09_UserShouldSeeTechnicalDetailsAboutDevice" />  works -->
<!--				<exclude name="tC_OGA_07_05_10_UserShouldSeeTechnicalDetailsAboutApp" />   works -->
<!--				<exclude name="tC_OGA_07_05_11_UserShouldBeAbleToUseContactUsFromSubmitFeedbackScreen" />   works -->
<!--				<include name="tC_OGA_07_06_01_UserShouldSeeTermsOfUse" />   works -->
<!--				<exclude name="tC_OGA_07_06_02_UserShouldSeePrivacyPolicy" />   works -->
<!--				<include name="tC_OGA_07_06_03_UserShouldSeeVersion" />   works -->
<!--				<include name="tC_OGA_07_06_04_UserShouldSeeCopyrights" />   works -->  


	
<!-- 				<include name="tc_ProjName_01_01_UserLogInTest" /> 
				<include name="TC_OGA_01_06_CreateAccount" />
				<include name="TC_OGA_02_04_VerifyAboutDeliveryMessageWorks" />
				<include name="TC_OGA_02_05_01_VerifyCorrectDaysAreDisplayedInReserveView" />
				<include name="TC_OGA_02_05_03_VerifyTheElementTodayIsPresent" />
				<include name="TC_OGA_02_05_04_VerifyMessageNoPickupAvailabilityTodayIsPresent" />
				<include name="TC_OGA_02_08_01_VerifyAllTheOfTmesForPickupAreDisplayedCorrectly" />
-->
			</run>
		</groups>
		<classes> 
			<class name="grocery.tests._ProjNameTestSuite" />
		</classes>
	</test>
</suite>