<?xml version="1.0" encoding="UTF-8"?>
<Configuration status="WARN">
	<Appenders>
		<File name="GroceryLog" fileName="target/Logs/GroceryLog-${date:MMMddHHmm}.txt"
			immediateFlush="true" append="false">
			<PatternLayout>
				<Pattern>%d{HH:mm:ss.SSS} [%t] %-5level %logger{36} - %msg%n
				</Pattern>
			</PatternLayout>
		</File>
		<Console name="Console" target="SYSTEM_OUT">
			<PatternLayout pattern="%d{HH:mm:ss.SSS} [%t] %-5level %logger{36} - %msg%n" />
		</Console>
		<!-- The Console Appeander STDOUT Below, makes the logger print to console, 
			invoked in root Aug08RJR -->
		<Console name="STDOUT" target="SYSTEM_OUT">
			<PatternLayout pattern="%m%n" />
		</Console>
	</Appenders>
	<Loggers>
		<Root level="all">
			<AppenderRef ref="GroceryLog" />
			<AppenderRef ref="STDOUT" />
		</Root>
	</Loggers>
</Configuration>